{
  "color": {
    "window_bg_color": ["#ebf0f5", "#181b28"],
    "button": ["#e46bff", "#212435"],
    "button_hover": ["#8593d6", "#171926"],
    "button_border": ["#525983", "#080b12"],
    "checkbox_border": ["#01e9c4", "#01e9c4"],
    "checkmark": ["#01e9c4", "#01e9c4"],
    "entry": ["#dee2e7", "#212435"],
    "entry_border": ["#fa00d0", "#080b12"],
    "entry_placeholder_text": ["#cdc8ce", "#cdc8ce"],
    "frame_border": ["#525983", "#10121f"],
    "frame_low": ["#dee2e7", "#181b28"],
    "frame_high": ["#dee2e7", "#1b1e2d"],
    "label": [null, null],
    "text": ["#0c0e14", "#cdc8ce"],
    "text_disabled": ["#5e6062", "#7a8894"],
    "text_button_disabled": ["#7a8894", "#7a8894"],
    "progressbar": ["#fa00d0", "#fa00d0"],
    "progressbar_progress": ["#363844", "#363844"],
    "progressbar_border": ["#fa00d0", "#0d101f"],
    "slider": ["#fa00d0", "#fa00d0"],
    "slider_progress": ["#0d101f", "#0d101f"],
    "slider_button": ["#fa00d0", "#fa00d0"],
    "slider_button_hover": ["#e46bff", "#fa00d0"],
    "switch": ["#7681be", "#1f2233"],
    "switch_progress": ["#00e6c3", "#00e6c3"],
    "switch_button": ["#525983", "#2e324a"],
    "switch_button_hover": ["#fa00d0", "#2e324a"],
    "optionmenu_button": ["#525983", "#080b12"],
    "optionmenu_button_hover": ["#fa00d0", "#080b12"],
    "combobox_border": ["#525983", "#080b12"],
    "combobox_button_hover": ["#fa00d0", "#fa00d0"],
    "dropdown_color": ["#dee2e7", "#212435"],
    "dropdown_hover": ["#fa00d0", "#fa00d0"],
    "dropdown_text": ["#0c0e14", "#cdc8ce"],
    "scrollbar_button": ["#fa00d0", "#fa00d0"],
    "scrollbar_button_hover": ["#9b45ff", "#9b45ff"]
  },
  "text": {
    "macOS": {
      "font": "SF Display",
      "size": -13
    },
    "Windows": {
      "font": "Roboto",
      "size": -13
    },
    "Linux": {
      "font": "Roboto",
      "size": -13
    }
  },
  "shape": {
    "button_corner_radius": 8,
    "button_border_width": 1,
    "checkbox_corner_radius": 7,
    "checkbox_border_width": 1,
    "radiobutton_corner_radius": 1000,
    "radiobutton_border_width_unchecked": 2,
    "radiobutton_border_width_checked": 6,
    "entry_border_width": 1,
    "frame_corner_radius": 10,
    "frame_border_width": 1,
    "label_corner_radius": 3,
    "progressbar_border_width": 2,
    "progressbar_corner_radius": 1000,
    "slider_border_width": 6,
    "slider_corner_radius": 8,
    "slider_button_length": 0,
    "slider_button_corner_radius": 1000,
    "switch_border_width": 3,
    "switch_corner_radius": 1000,
    "switch_button_corner_radius": 1000,
    "switch_button_length": 2,
    "scrollbar_corner_radius": 1000,
    "scrollbar_border_spacing": 4
  }
}
